<?xml version="1.0" encoding="utf-8"?>
<extension type="package" version="4.0" method="upgrade">
    <name>ContactDB Package</name>
    <packagename>contactdb</packagename>
    <author>Ernesto González</author>
    <creationDate>2025-08-28</creationDate>
    <copyright>Derechos reservados</copyright>
    <license>GNU GPL v2 o posterior</license>
    <authorEmail>contacto@example.com</authorEmail>
    <authorUrl>https://github.com/jernesten</authorUrl>
    <version>1.25.8</version>
    <description>Paquete que incluye el componente ContactDB y su módulo de formulario de contacto</description>
    
    <scriptfile>package_script.php</scriptfile>
    
    <files>
        <file type="component" id="com_contactdb">com_contactdb.zip</file>
        <file type="module" id="mod_contactdb" client="site">mod_contactdb.zip</file>
    </files>
</extension>

