<?xml version="1.0" encoding="utf-8"?>
<extension type="package" version="4.0">
    <name>ContactDB Package</name>
    <packagename>ContactDB</packagename>
    <version>1.0.0</version>
    <author>Ernesto González</author>
    <creationDate>2025</creationDate>
    <description>Componente y módulo para formulario de contacto con base de datos</description>

    <files>
        <file type="component" id="com_contactdb">com_contactdb.zip</file>
        <file type="module" id="mod_contactdb" client="site">mod_contactdb.zip</file>
    </files>
</extension>

