<?xml version="1.0" encoding="utf-8"?>
<extension type="module" version="4.0" client="site" method="upgrade">
    <name>Contact DB Form</name>
    <author>Ernesto González</author>
    <creationDate>2025</creationDate>
    <copyright>Derechos reservados</copyright>
    <license>GNU GPL v2 o posterior</license>
    <authorUrl>github.com/jernesten</authorUrl>
    <version>1.0.0</version>
    <description>Módulo para mostrar formulario de contacto que guarda en base de datos</description>
    
    <files>
        <filename module="mod_contactdb">mod_contactdb.php</filename>
        <filename>helper.php</filename>
        <folder>tmpl</folder>
        <folder>assets</folder>
        <folder>language</folder>
    </files>
    
    <config>
        <fields name="params">
            <fieldset name="basic">
                <field
                    name="show_title"
                    type="radio"
                    label="Mostrar título del módulo"
                    default="1"
                    >
                    <option value="0">No</option>
                    <option value="1">Sí</option>
                </field>
                
                <field
                    name="pretext"
                    type="textarea"
                    label="Texto introductorio"
                    rows="3"
                    filter="safehtml"
                    />
                    
                <field
                    name="moduleclass_sfx"
                    type="text"
                    label="Sufijo de clase del módulo"
                    default=""
                    />
            </fieldset>
        </fields>
    </config>
    
    <languages>
        <language tag="en-GB">language/en-GB/en-GB.mod_contactdb.ini</language>
        <language tag="es-ES">language/es-ES/es-ES.mod_contactdb.ini</language>
    </languages>
</extension>
